{"cameraMode":{"drawMode":0,"name":"Shaded","section":"Shading Mode"},"sceneLighting":true,"audioPlay":false,"sceneViewState":{"showFog":true,"showMaterialUpdate":false,"showSkybox":true,"showFlares":true,"showImageEffects":true,"showParticleSystems":true},"in2DMode":false,"pivot":{"x":7.5889787673950199,"y":0.5678153038024902,"z":0.5616328120231628},"rotation":{"x":-0.022809015586972238,"y":-0.6731752157211304,"z":0.020854022353887559,"w":-0.7388773560523987},"size":18.026317596435548,"orthographic":false}