{"cameraMode":{"drawMode":0,"name":"Shaded","section":"Shading Mode"},"sceneLighting":false,"audioPlay":false,"sceneViewState":{"showFog":true,"showMaterialUpdate":false,"showSkybox":true,"showFlares":true,"showImageEffects":true,"showParticleSystems":true},"in2DMode":false,"pivot":{"x":-0.5619571208953857,"y":0.6923640966415405,"z":4.363274574279785},"rotation":{"x":-0.19795997440814973,"y":0.07284290343523026,"z":-0.01469951681792736,"w":-0.9774977564811707},"size":2.8578836917877199,"orthographic":false}